index,text,quality,difficulty,prof_name,sentiment
0,1000% recommend this teacher to anybody. I was so nervous to take Bio online but she made it so easy. Yes it takes time to watch her lectures but thats with any bio class. Every week you have a 10 question lab quiz and around every 4 weeks is an exam. Stay on the work and you have no problem passing this class. She is amazing and incredible.,5.0,3.0,Virginia Dudley,1
1,"This was an online class and each week, there were anywhere from 2 hours to upwards of 3-4 hours of lectures you had to watch. This is added on top of the weekly lab assignment you have to do. There is a quiz every week, but they're all open note. Tests aren't open note and make sure you study or it's gonna be pretty difficult.",4.0,4.0,Virginia Dudley,0
2,"Dont waste your time with this professor. Nice person, but terrible teacher. If youre not a strong test taker, you will not survive. Also have fun purchasing a brand new text book, Lab Manual, Lab Guide AND online software (which you wont even use) no opportunity to earn any points other than the 3 100 point exams and quizzes every Mon/Wed.",2.0,5.0,Virginia Dudley,0
3,"When I first started the class I swore I would give her a bad review, but as the semester progressed she began to grow on me. She can be very firm with students who are not paying attention and put them on the spot, but she has a heart of gold and I ended up enjoying her class. Field trips are fun, you get to go to the beach (:",4.0,4.0,Virginia Dudley,1
4,"Oh my GOODNESS - I just want to say that Professor Dudley was the best professor I have had. However, if you are looking for an ""easy A"" this is not the class for you. You need to show up, do your work, pay attention (this is easy because she is hilarious and a great storyteller). I got the book but really didnt use it - all info in class on PP.",5.0,3.0,Virginia Dudley,1
5,"It's always nice when you get a teacher who is obviously experienced in their field outside of teaching, and professor Dudley is that. The only negative that I've experienced in class is that labs usually have a long block of explanation that is only done because not everyone in the class reads the directions beforehand. The dissections are smelly!",4.0,3.0,Virginia Dudley,1
6,Horrible.. no passion to actually teach. Seems like she likes to assert her authority or dominance onto students. Constantly makes kids feel uncomfortable in the middle of a lecture. Very unprofessional presence in the classroom. Doesnt know what partial credit means. All She is good for is putting your test threw the scantron.,1.0,4.0,Virginia Dudley,0
7,I was very disappointed with Mrs. Dudleys class!! she is very passive aggressive and very monotone during lectures. During labs she talks for a good hour n a half before you even start the labs. I do not recommend if you're looking for a bio teacher that is approachable and wiling to work with you.,1.0,5.0,Virginia Dudley,0
8,"I was not happy with Mrs. Dudleys teaching. Her lectures are pretty bland, and her grading was very hard. Her labs are rushed and take forever. I would not recommend taking this class if you're looking for an easy A...",2.0,5.0,Virginia Dudley,0
9,"She was like a guide introducing us to this brand new world that you can tell she was passionate about. Was the class hard? Yes! However, its better to learn from someone with her knowledge about the ocean than just out of a textbook. Do not miss the field trips. Theyre incredible!",5.0,4.0,Virginia Dudley,1
10,"She missed a field trip and made the students do it again to make up the work. She talked about herself a lot, too. Generally speaking, I found that the best way to learn the subject was to ignore her. The class itself was easy (especially since she has 60-79% as a C, with A and B being normal), but not because of her teaching by any means.",2.0,2.0,Virginia Dudley,0
11,"She's a really good teacher, just go to class take notes and you will pass easily. You get a study guide and a lecture guide that are both super helpful for the tests, there isn't much homework but you must attend the lab or you won't pass. Overall its an easy and interesting class as long as you put in a bit of effort.",4.0,3.0,Virginia Dudley,1
12,"This was a great course. At first I thought it would be difficult because of the diverse nature of the ocean, however the professor provided all the tools needed to succeed. She also didn't have any hidden or tricky questions and the course was very straightforward. I also walked away with a better understanding of the way tides worked.",5.0,3.0,Virginia Dudley,1
13,"A very smart professor with lots of intellectual qualities, yes with too much writing in her class also 3 or 4 heavy tests and like 12 lab quizzes but at the end a professor with to much knowledge in biology and zoology",5.0,4.0,Virginia Dudley,1
14,"Prof. Dudley's class is hard, but it isn't really her fault. Marine bio just isn't as fun as it sounds. Attendance to class and labs is mandatory. The labs are gross. The class is easier if you do the reading. She's very intelligent and the tests reflect the lecture material. Outside field trips were boring. This class is loaded with females.",4.0,3.0,Virginia Dudley,1
15,"Dudley is an amazing professor who cares about students and is naturally funny. She's very enthusiastic and passionate about marine biology! Be sure to show up to lectures because those notes will be important. The labs she assigns are incredibly fun and informational, especially the field labs. Not much effort beyond notes and occasional reading.",5.0,2.0,Virginia Dudley,1
16,Don't take this class if you have no business learning about marine biology. Tried to reach her many times regarding my grade and if there were things I could do to better it but she was never any help. She loves to talk about herself and is always making rude comments about perfectionists and ppl with OCD me. Not very nice and voice is annoyin,1.0,5.0,Virginia Dudley,0
17,"She's really nice if you get on her good side. The class is hard and she's very passionate about the subject, so be prepared to work really hard! Talks forever but if you start your work while she talks in lab you'll get out faster; take good notes in lecture and you'll be fine!",5.0,5.0,Virginia Dudley,1
18,Gets in your face a lot. Treats you as if you're still in Middle School. I wouldn't recommend her class at all. Less than half of the class stayed for her class before I left.,1.0,5.0,Virginia Dudley,0
19,"She's super sweet, and even gives the class a few laughs each lecture. Lectures are long, take a LOT of notes. Tests are the majority of your grade and can be extremely hard, especially if you do not study days before. Overall, she is great at teaching.",4.0,4.0,Virginia Dudley,1
20,"worst prof ever, she was not willing to help students and didn't teach anything",1.0,5.0,Cyntha Struthers,0
21,4500 words report + 1.5 hr quiz for final. NEVER answer your question properly. Whatever you say is a complaint.,1.0,4.0,Cyntha Struthers,0
22,"She is the worst prof I've ever had. If you ask her a question, all she ever replies with is ""read the textbook"" which is also written very poorly. The Mobius quizzes are the literal definition of torture. It is timed 1h and you won't know how many questions there are (involves a lot of calculations as well). I don't understand why she is a prof.",1.0,5.0,Cyntha Struthers,0
23,"worst prof ever, doesn't want to help students, makes everything so difficult for students, stay away",1.0,4.0,Cyntha Struthers,0
24,"This is her response after she put up a misleading question in a quiz ""Not all facts you are given on a test (and life!) need to be asked in such a way that NO person will ever make a mistake. The onus is on the student to read the question well and think!"" (while in fact, almost everyone misunderstood the question and got wrong answer) What a joke",1.0,5.0,Cyntha Struthers,0
25,AVOID HER AT ALL COST!!!!!,1.0,5.0,Cyntha Struthers,0
26,"Worst professor ever. Her lecture videos are completely useless. I learned better through reading the course notes. Kept making mistakes in quizzes and penalize students for her own mistake. She has never ever admitted that she made a mistake, even when it's very obvious that the question had an incorrect solution or worded ambiguously. Avoid her!",1.0,3.0,Cyntha Struthers,0
27,"Very dismissive. Makes no effort to answer questions in detail. Very tough/unfair marking. Stubborn/unwilling to make accomodations to help students, even in difficult times like COVID. Uses same assignments each term, so no solutions are released and you can't know where you messed up. Interesting course, but she is not a good prof in my opinion.",1.0,3.0,Cyntha Struthers,0
28,"After reading the other reviews here, I think we can all agree on the fact that she's absolutely horrible at answering Piazza posts. She never actually answers your questions, she only dodges it, asking you to find the answer yourself (I wouldn't be asking you if I didn't need clarification!!) Lazy and very rude with her comments. One of the worst.",1.0,4.0,Cyntha Struthers,0
29,"I've never met a prof who specifies using a (TERRIBLE) template for submitting assignments and refuses to let students add/remove space after questions. There's not enough space and all she can say is ""you can format it to fit"". These are equations we're talking about, NOT a resume. Assignments are also not on the actual content ""taught"". Horrible.",1.0,4.0,Cyntha Struthers,0
30,"She is by far the most rude professor I've ever had when responding to questions and never answers the student properly, instead just telling them to read the textbook again. The content of the final assignment was entirely around coding in R when the there has been literally no content covering R until that point. An absolute embarrassment.",1.0,4.0,Cyntha Struthers,0
31,Tough grader. Rude. Stubborn.,1.0,2.0,Cyntha Struthers,0
32,Lets you write a cheat sheet and the exams were very similar to the practice exams. Taking this course with her online is a really hard to screw up.,4.0,3.0,Cyntha Struthers,1
33,She explains stuff very clearly and always willing to answer questions! Very engaging during lectures. Exams are fair!,5.0,3.0,Cyntha Struthers,1
34,Absolutely awful. Not helpful to students who approach and has the most terrible marking scheme. Avoid her class.,1.0,1.0,Cyntha Struthers,0
35,Stubborn and unaccommodating professor. Not willing to help students who approach her. Doesn't consider student feedback at all -- 0/10 would not recommend,1.0,1.0,Cyntha Struthers,0
36,"Extremely rude professor. Not very helpful to student responses, more often to just respond with a snark comment. Poor teaching skills, and course coordination skills. Doesn't listen to student feedback.",1.0,3.0,Cyntha Struthers,0
37,Dont know why she appears to be so mean on our marks: the lecture room is far from the other lecture buildings but she will always start the participation questions at the very beginning of the class? She doesn't consider if people would get injured on a slippery road when rushing from another classroom far from hers. Tends to give everyone lowmark,1.0,2.0,Cyntha Struthers,0
38,The meanest professor I have ever encountered at UW. Never put her feet into students' shoes!!! Switched out of her section after she mocked at me because I got one clicker question wrong!!!,1.0,3.0,Cyntha Struthers,0
39,"Extremely disappointed and upset with Cyntha's teaching/behaviour this term. Questions on tests are misleading, marking schemes are strict, and do not follow the nature of the question asked. Rude on class forums, over email, and in person. Extremely unprofessional, and makes people feel degraded with how sarcastic, unhelpful, and mean she is.",1.0,4.0,Cyntha Struthers,0
40,"Professor Schap's lectures are fast-paced and pretty confusing. He assigns a lot of textbook reading and practice problems that are not graded. HOWEVER, this extra work is how I actually learned and did well in the class because the lectures were confusing. If you take this class, do the extra work because it will be to your benefit in the end.",2.0,4.0,David Schap,0
41,"Very nice man, but this class was awful. He assigned YouTube videos instead of teaching and yet gave the hardest exams and homework I have ever had to do. Questions were unclear and made to trick you. He takes off an unnecessary amount of points for small errors. In office hours he is not helpful and says that it is for you to figure out. Run!!",2.0,5.0,David Schap,0
42,"If you enjoy submitting assignments and being deducted points for your PDF quality, then this is the course for you! Prof. Schap is your typical tenured professor: could care less about his students. Tests are super hard and do not reflect the material taught. TAKE THIS COURSE OVER THE SUMMER AT OTHER INSTITUTIONS!!!!!!",1.0,5.0,David Schap,0
43,"Professor Schap will hold you well over the time period every single, showing a blatant lack of respect for students as individuals outside of his class. He also decided to send us links to YouTube videos halfway through the semester and watched those instead of class. I payed a lot of money to watch random YouTube videos. Frustrating.",1.0,3.0,David Schap,0
44,"Honestly Professor Schap is actually really enjoyable and can be funny in lecture. However, his material is very challenging and he grades tough. Every class will go 5 minutes over so be prepared for that if you have a class after. Additionally reading the text and doing the problem sets are a must to do well in the course.",2.0,5.0,David Schap,0
45,Hard class. A lot of studying will give you a C.,1.0,5.0,David Schap,0
46,Actually said maybe statistics just isnt your thing after i went to his office hours to question the amount of points he took off for small math errors.,1.0,5.0,David Schap,0
47,Id rather transfer than take this class again. The class is an hour despite the 50 minutes allotted for the class. For the sake of your mental health do not take this class. Studying for exams with our homework and with a professor that teaches differently from the textbook will kill you,1.0,5.0,David Schap,0
48,"Professor Schap is a great professor, and you can tell that he likes teaching. You will read a lot in his class, but it is manageable. While his lecture material can be very difficult, you will learn a lot. No curve, but 90 is A in his class.",5.0,5.0,David Schap,1
51,"Very thorough in his explanations, but he moves pretty quickly through his lectures. Willing to help during office hours. Would recommend for Micro. Read material and do the homework. Attend class, because his lecture notes are crucial.",2.5,4.0,David Schap, 1
52,"Great guy, whose very funny. Material is interesting and lectures are thorough. His tests are extremely tough. Make sure you study alot and talk to him about anything you are uncertain about.",4.0,5.0,David Schap,1
53,"Very conservative, and almost only points out viewpoints he agrees with.  Dismissive if differing views are presented in class.  Reading material included text on global warming not being real, and ""all poor people choose to be poor or are disabled.""",3.5,4.0,David Schap,0
54,He is sweet,5.0,4.0,David Schap,1
55,"LOVED HIM.  His class was one of the hardest I ever took, but he was hillarious and really helpful.  He always reassured.  I would definitely take him again.",4.5,4.0,David Schap,1
56,He is funny and the best professor ever.,5.0,4.0,David Schap,1
57,This guy is funny if you appreciate true humor. He is tough though I will tell you that!,4.5,4.0,David Schap,1
58,afd,5.0,3.0,David Schap,1
59,"McDonald is the best professor I've had so far in college. His lectures are interesting and funny. Only real grades are the mid-term, final, large 12pg paper and small 8pg paper. His exams are tricky and he grades more on concepts rather than facts. Study the examples he uses in class and try to see how you could recreate those experiments.",5.0,4.0,John McDonald,1
60,"major grades are the midterm, final, a 12 page paper and an 8 page paper. Papers are not fun to write but he gives you ample time to complete them, and grades fairly. Pay attention in lectures because there is no way to access the material outside of class (no udcapture,textbook, or posted powerpoints). he's hilarious and lectures are interesting",5.0,3.0,John McDonald,1
61,"Dr. McDonald is passionate about what he's teaching, and I got the impression that he loves teaching his students and preparing them for what actually ""doing Biology"" is going to look like. However, this class should not be taken lightly. The final is 45% of your grade and can legitimately wreck all the progress you've made throughout the semester.",4.0,4.0,John McDonald,1
62,Probably wont get an A but he's a great lecturer and interesting person,5.0,4.0,John McDonald,1
63,This class should honestly be taken before any other biology classes because it provides useful information that helps you understand biology. Also no math in a statistics class!,5.0,2.0,John McDonald,1
64,Good professor who takes his time to make sure students understand the material. You can also tell that he genuinely wants people to do well. Class's were fun while also very informative. Would definitely take again.,5.0,3.0,John McDonald,1
65,"Dr. McDonald gives you everything you need to do well. He will meet you halfway. Put the work in and youll be fine. Be prepared to get called on though. Very scary in the beginning of the semester, but youll get used to it. Dont be embarrassed if you dont know the answer, he will guide you to the right answer or just skip to the next person",4.0,4.0,John McDonald,1
66,"An amazing teacher, material taught is immediately useable in your field",5.0,3.0,John McDonald,1
67,"He's a cool dude. He calls on everyone around the room during class, so you have to pay attention. The papers you have to write are really long and brutal but the exams are straightforward and he gives partial credit for everything. Go to class, read the assigned papers, you'll do fine.",4.0,4.0,John McDonald,1
68,"McDonald does an amazing job teaching this class. Despite it technically being a statistics class, you do absolutely no math in it. He explains how and when to use statistical tests, which is extremely useful especially if you're in research. He's also a super engaging lecturer. No CC or slides, he writes on a chalkboard, so show up !",5.0,4.0,John McDonald,1
69,Dr. McDonald is probably the best teacher I've had at UD. His teaching style makes it necessary to always be paying attention which helps you learn the material very well The exam material is not hard but you need to make sure you know everything really well or you will struggle. He somehow made a Bio-stat class enjoyable and fun.,5.0,4.0,John McDonald,1
70,Awesome,5.0,5.0,John McDonald,1
71,Seriously one of the best teachers I've had so far. Keeps everyone engaged in the class by calling random people to answer questions. Only 3 exams.,5.0,3.0,John McDonald,1
72,McDonald's lab is probably one of the better classes I've taken here. You learn a lot of technical procedures (get ready to do 5 hours of gel electro. every week) but it is useful and you get enough time and leeway to do everything required. McDonald is also a notoriously easy grader and just a really nice guy. PS. don't take if you hate bugs!,5.0,1.0,John McDonald,1
73,"Dr. McDonald is a great and funny professor. You will not regret taking your required investigative lab with him. A 5 hour lecture one day a week seems like a lot, but this way you do most of your work (and even outside work) during class time. He puts in a lot of effort to help you and the class is EXTREMELY easygoing just like him.",5.0,2.0,John McDonald,1
74,"Dr. McDonald is a great professor; he keeps students engaged by randomly calling on them during lecture (it's not as bad as it seems) and presents the materials in an easy and understanding way. He wants everyone to pass the class. Although, test grades are very important; the final is worth 45% of your grade but attend class and study, you should.",4.0,3.0,John McDonald,1
75,Dr. McDonald boils down complex stats to simpler terms. He is very good at explaining statistical tests and their usage in familiar and easy-to-follow language. You will also get some lessons on ethics and conducting research right way. Sometimes time seems to go by really slow during lectures.,4.0,3.0,John McDonald,1
76,Fantastic lecturer! A crucial course if you have any intention of conducting your own research and Dr. McDonald makes the material easy to understand and adds humor into the mix to keep the class engaged.,5.0,2.0,John McDonald,1
77,"He teaches in Avery unique way, make sure to be attentive. Classes are fun and entertaining rather than being boring and dull lectures.  Easy course. Very conceptual, no memorization. Useful.",5.0,2.0,John McDonald,1
78,"Attendance isn't mandatory, he grades the homework for completeness, he gives credit on exams as long as you put an answer, no extra credit given unless you are borderline with your grade, for example, A/B",3.0,3.0,John McDonald,1
79,"He is terrible. The class is fairly easy, but overall he is really rude and mean. I turned in an assignment that had 2 parts. I turned in the first part and emailed him the second part because it was a picture. He then told me to submit through canvas after I had already emailed it to him. A month later, he tells me to email it to him NOW. so rude",1.0,3.0,Frank Sobie,0
80,"Putting tough grader isnt specific enough. Having a map quiz once a week is not a appropriate way to engage students and lecture slides that are so long the computer cant download them wasnt helpful either. When your average and median scores On everything are below 70% that is an issue with the structure of the course, not the students.",1.0,4.0,Frank Sobie,0
81,"Very hard class. Always got good grades until I took this class. Jumps right into high intellect teaching. Near to impossible to pass. Study guide had over 130 questions, which were hard to study for being that we get it a week before the test. Very very tough grader and tough class. Would not recommend.",1.0,5.0,Frank Sobie,0
82,"This has got to be one of the easiest classes I've taken, and its not even 3 credits, its 4. You only have to sign on once a week. The workload is not overwhelming what-so-ever. Sobie gave quality feedback on all of my assignments. You could tell he actually took the time to read them. Impossible to fail as long as you turn in everything. Easy A.",4.0,1.0,Frank Sobie,1
83,":( Im usually an honor roll student. taking this class makes me feel like Im dumb. There is a quiz every class period and hes not clear on whats on them. Even when he is, they are next to impossible to get 100%. It could be me, but personally I would not recommend this class. Solid 0/10.",2.0,5.0,Frank Sobie,0
84,This man clearly does not use a learning plan to prepare for his lectures. Time and time again he will awkwardly asks questions that have nothing to do with the material and google things for the whole 2 hour period. Sobie is also very unclear about what will be on the exams or quizzes and when they will be. Dont take him!,1.0,1.0,Frank Sobie,0
85,"First things first, his voice is the most monotone voice I have ever heard. If you do something wrong he looks at you like youre stupid. He goes on and on about the lottery and plays the hump day commercial before every class. He tries too hard in trying to make you laugh rather than actually teaching.",1.0,3.0,Frank Sobie,0
86,"Frank Sobie is amazing. He taught my Geography 142 online and it was a breeze after I became used to the online pacing and way of things, it was my first online class. His directions were always clear and he typically responded thoughtfully to any emails with questions that I sent to him. He offered extra credit a lot, was understanding, 10/10.",5.0,2.0,Frank Sobie,1
87,Awesome class he is very knowledgeable on the subject and willing to go out of his way to help.,5.0,1.0,Frank Sobie,1
88,"This professor spews his personal political beliefs and shuts down any students who has a differing opinion. By the end of the term no one would participate in class discussions because he made people feel their opinions were wrong and called them racists, and HIS opinions got more and more strident in favor of nationalism.",1.0,3.0,Frank Sobie,0
89,"He loves to talk about american politics, how great Trump is, and american involvement in other regions rather than the actual curriculum. He also loves to talk about the booming oil industry(its not, its actually beginning to decline)... he isnt very clear about whats on tests and quizzes but hands out a quiz ever class period.",1.0,4.0,Frank Sobie,0
90,Hes very dry but funny. actually enjoyed class. If you show up you will pass,2.0,2.0,Frank Sobie,0
91,"Sobie basically just takes the entire book, writes every word onto a powerpoint and says good luck. His powerpoints cover way too much unnecessary material so theyre useless, exam reviews are 200 qs, but the exams are only 85. The exams are all too close to eachother to learn that much!! He also grades vaguely!! Do not reccommend!",2.0,5.0,Frank Sobie,0
92,"Very vague with grading criteria. Not clear whatsoever with grading and assignments. As a person who has never enrolled in a geography course prior, I would not recommend this instructor. Sobie grades hard and does not hold himself to the same standard. What a joke! This school should look into just how terrible their online instructors truly are.",1.0,3.0,Frank Sobie,0
93,"For crime mapping, it starts off slow then gets better. Then when you come in, he hand feeds you steps and instructions on how to do the computer assignments",5.0,3.0,Frank Sobie,1
94,"A lot of map quizzes, but I found them easy and he drops your lowest two grades. As long as you study and pay attention you will pass.",4.0,3.0,Frank Sobie,1
95,Very good teacher and he is also very funny. Pay attention in class and study even a little bit and you'll be more than fine.,5.0,2.0,Frank Sobie,1
96,"His exams are HARD! There were 4 - 85 questions each. There is a ""map quiz"" every week and 2-3 projects. it was a little more challenging of a class,  but he grades on a curve. if you put in effort you'll get a good grade. I will take Sobie again for geog!",3.0,4.0,Frank Sobie,1
97,He is not clear the way he teaches and makes you feel very dumb.,1.0,5.0,Frank Sobie,0
98,"You have to read the book and there are map quizzes every class, but he gave us good study guides for the tests. If you read the chapters and take the time to do the study questions you will pass his class.",5.0,3.0,Frank Sobie,1
99,She is very accessable. Wiling to help anytime.,4.0,4.0,Linda Barton,1
100,"She uses the ALEKS system, which means that you take an assessment in the beginning and then only have to study the material you don't ""test out of"". There's homework every week, but it's super manageable. Only the midterm and final are proctored, which is also a plus! (this class is also Pass/Fail, so you just need over 70%)",5.0,3.0,Linda Barton,1
101,"Dr. Barton is outstanding. She exemplifies how an online math course should be taught. Best tip she provided: Math takes time.  She really wants her students to learn and puts forth the effort as the instructor. Take Dr. Barton for any online math course and you will learn. Do the work, ask questions-she wants you to succeed.",5.0,3.0,Linda Barton,1
102,"Dr. Barton cares about her students' success. While the material can be challenging, esp. the 2nd half of the semester, she does all she can to assist her students. HW is very representative of the material you will see on tests. Put in the time and you will succeed in this course. Final exam is proctored, other tests and quizzes are not.",5.0,2.0,Linda Barton,1
103,Average professor and average class. Do the homework and you will be fine for 111.,4.0,2.0,Linda Barton,1
104,I hate her teaching style. She uses MyMathLab.com and she expects everyone to know what they're doing. The homework is pretty hard. If you take this class you might as well sign your life over to math homework because it takes HOURS..,2.0,4.0,Linda Barton,0
105,"I had her for math 108 online, it could be very stressful at times, but she was always a phone call or email away. She helped me a lot, I felt like I actually understood the material & she wanted to see me do well. All the endless nights of homework/quizzes/tests paid off!",4.0,3.0,Linda Barton,1
106,"She is a nice person,but is not recommended. She had you answer a question out of your GuidedNotebook everyday.So you had to be there to get the points,put tons of HW online. i slept through  the class nearly every day and would have skipped if i could have and still got like a 99% in there.The test are easy did not study for 1 and aced em all!!!!!",2.0,1.0,Linda Barton,0
107,"Sooo hard. she clearly doesnt know how to teach, students corrected her all the time, and her tests were very hard. I even had tutoring and still failed. and she had assigned seating and in alphabetical order, what is this gradeschool? DO NOT TAKE HER, i took math 125 the next semester and got an A.",1.5,5.0,Linda Barton,0
108,"Not a professor i would want to take for Math 201. Very out of it and always did things that wouldn't help someone out as a teacher. She made a lot of problems harder then what they were. She would teach you different ways and you had to use those ways! Study Study Study if you haver her, tests are killer!",1.5,4.0,Linda Barton,0
109,"For someone not interested in math, this class was very dull and seemed to be a lot harder than it would have to be. She seems pleasant enough but doesn't make any attempt to connect to most students. Not a great teacher; take someone else for 125 if you can.",2.0,3.0,Linda Barton,0
110,No comment,1.5,4.0,Linda Barton,0
111,Tests were fairly hard. She got a lot of problems wrong while teaching and would ask the students to check her. Would not take a class from her again!,2.5,5.0,Linda Barton,0
112,"Excellent for 108. NOT for 201.  I was 2% away from passing and I only missed one class AND did tutoring, and she didn't care.  Only cares about smart students or those in front row. Rude outside of class. She got corrected EVERY class period.  not a good teacher for 201",2.5,3.0,Linda Barton,0
113,She will not hold your interest.,2.5,3.0,Linda Barton,0
114,"Started on Ch. 9 on the first day in a difficult subject for first-level math (complicated statistics). No intro, nothing. Horrible, said on first day she didn't care if we ever got sick and to not ""bother"" her with emails. Withdrew within the second week. Waste of time",1.0,5.0,Linda Barton,0
115,If you need help she will help you out. Use her office hours they are very helpful on the exams! overall GREAT teacher,5.0,1.0,Linda Barton,1
116,Math is not my strong point.,2.0,5.0,Linda Barton,0
117,"One of the best math teachers I've had.  Worked hard, but learned.",5.0,2.0,Linda Barton,1
118,Great professor.  I learned a lot in this class.,4.0,3.0,Linda Barton,1
119,Really enjoyed her class! I would take it again just cause its so interesting.,5.0,2.0,Adelle Forth,1
120,"Adelle is a really sweet professor. You can tell she is interested and knowledgeable about what she's teaching. The quizzes, midterm, and final are all pretty straight-forward, just make sure you take good notes from the textbook and lectures.",4.0,3.0,Adelle Forth,1
121,"She has some fill in the blanks in the actual lectures but doesn't put them in the posted slides, and you will be tested on them so be sure you watch lectures. She's well educated on all of the topics and is very well spoken. If you pay attention and do the readings the class it's easy to do well in and is also very interesting- you'll learn a lot!",5.0,4.0,Adelle Forth,1
122,"Adelle has done an extremely good chance of teaching such a complex and interesting course during the pandemic, I could not recommend her enough. She was engaging, EXTREMELY organized, and her overall way of teaching is basically perfection. I wish more professors were like this.",5.0,3.0,Adelle Forth,1
123,"Good prof who knows her material and seems to teach thoroughly enough. Be sure to go to EVERY class and do EVERY reading; the exams are dependent on the readings much more than the lectures. Be sure to hand the paper in ON TIME because she doesn't accept anything at all past the due date, right down to the minute (i.e. don't make my mistakes).",3.0,4.0,Adelle Forth,0
124,"Very surprised that anyone doesn't like Adelle. She is a brilliant woman and her lectures are engaging and thorough. You have to do the readings and go to class to do well, but her course is quite fair and I would recommend it to everyone who is interested in the subject. I honestly didn't mind the readings or going to class because I loved it!",5.0,3.0,Adelle Forth,1
125,"Adelle is a very smart women and i respect her highly. I did enjoy her class, however i feel as if she teaches at a more graduate level. She approaches lecture with a lot of statistical language + data presentations that may confuse you if you are not an expert in stats, sometimes it was hard to follow along. There is a very heavy workload as well.",4.0,3.0,Adelle Forth,1
126,"Never take this class as an elective. Forget about the online component, It's way too much work (readings, assignments). You are supposed to read the whole, 300 page textbook, as well as watch hours of lectures. Every now and then you are supposed to buy the newest version of the textbook (which she was an author of) that costs $100+. Ridiculous.",1.0,4.0,Adelle Forth,0
127,She is my favorite professor by far. Go to office hours a lot and she helps give useful tips on how to combat quizzes and exams and some potential things on the exams she wouldn't give to the class. She gets a little bit sidetracked sometimes. You must go to her class if you want bonus marks!,5.0,2.0,Adelle Forth,1
128,"There's guide a bit of content in this course, so this isn't a bird course. You can do all of the quizzes/midterm off of the textbook, no need to watch the lectures.",4.0,2.0,Adelle Forth,1
129,good prof,3.0,2.0,Adelle Forth,1
130,"The course itself was easy and interesting, but the prof made it difficult as some of the material discussed would be completely different from the quizzes.  I enjoyed the class but not the prof who taught it.",1.0,3.0,Adelle Forth,0
131,"Don't take her awful class.  It's easy, but not worth it at all. I would explain but moderators would rather me not,just,.keep looking for another prof. Rebecca Mugford, if she's still teaching is amazing. Had a friend take her course while I took this, so much more interesting of a lecturer and can actually say learned more from her than Adelle.",1.0,1.0,Adelle Forth,0
132,"I loved Adelle's classes. She has such an interesting past and is very involved in the field of Forensic Psychology. The lectures were interesting and had awesome information provided. I enjoyed showing up for class and looked forward to readings. Grading was fair, the quizzes were easy - studying for midterm and final is essential!",4.5,3.0,Adelle Forth,1
133,"She's very amusing, knowledgable, and overall just a great teacher. ",5.0,2.0,Adelle Forth,1
134,Adelle knows what she's doing. She is very direct and is really helpful when you need help understanding things. So refreshing to have a competent teacher!,4.0,3.0,Adelle Forth,1
135,"This class was amazing! I've always loved psychology, but Criminal Behaviour was fascinating and exciting. There is a lot of material, and unless she changes something, you will need to read the textbook for testable material (but text's in library). Her tests and assignments were fun and fair, and gave you lots grade opportunities!",5.0,2.0,Adelle Forth,1
136,"AMAZING PROF, If you can definitely chose a class with Adelle. She's always making jokes, making us laugh, very knowledgable and loves what she teaches and makes it very easy and fun to listen too. She gives lots of examples and stories, not dry material at all",4.5,2.0,Adelle Forth,1
137,"Ms. Forth is a great prof to listen to. She engages her audience through the use of technology. Also she is a fair marker, having all exams (two mid terms and a final) in a multiple choice format. I would highly recommend this prof for this course",5.0,3.0,Adelle Forth,1
138,Adelle is a sweetheart! There are 2 midterms and a final. Also there are a couple of 5% online open book quizzes. She makes it very interesting and uses clickers in class to vote on answers for M.C questions. Great Prof!,4.0,2.0,Adelle Forth,1
139,"I have taken about 6 classes with Professor Graham. While the material assigned is somewhat time consuming, the lectures are straightforward and Professor Graham is very good at responding to emails and providing help. I feel like he cares about his students and I'm sad that this is my last math class as I'd gladly take him again.",5.0,3.0,Micheal Graham,1
140,"Took it online. Was available, had everything ready on time and split it into digestible chunks. Took an online teaching course beforehand and it showed. Really tried hard to help us succeed in the pandemic. Hilarious dry humor.",5.0,3.0,Micheal Graham,1
141,"Professor Graham provided immediate feedback on homework and exams. Very well organized! There were almost daily webassign homework assignments, 11 or 12 written assignments, 4 exams and a final. This is a lot of work, but getting a poor score on one exam won't tank your grade. Note: this class was taken online during COVID lockdown",5.0,3.0,Micheal Graham,1
142,"I wish I didn't take the advice from people leaving reviews here. I do not care how good you think you are at math this guy was a rude awakening for me. It wasn't until I started skipping class and teaching it to myself did I improve. Marks you down for doing math problems ""in a way that is confusing"" to him even if you get the right answer. Run.",2.0,5.0,Micheal Graham,0
143,"You will never fall asleep in Graham's lectures. He keeps them very interesting and rarely goes on tangents. The course work was difficult as expected, but whatever you do, do not get behind on homework. All in all a great professor who loves what he does, answering questions, and has a deep understanding of math.",5.0,4.0,Micheal Graham,1
144,"Graham is awful. His quizzes are unscheduled and so much of the quiz material isnt taught before the quiz is given. The tests are worth way more than they should be. You can fall as many quizzes as you want and be fine, but if you do bad on one test you may as well kiss your grade goodbye unless you do amazing on everything else.",1.0,4.0,Micheal Graham,0
145,"Great teacher that runs a no BS class. Grades are calculated entirely off of tests/quizzes, which he will prepare you well for. Homework is optional, allowing you the freedom to let yourself fail if you don't take the class seriously and practice, but also allows for more flexibility in your studies. Your grade will be a reflection of your effort",4.0,3.0,Micheal Graham,1
146,"He gives a lot of tests, non mandatory homeworks and is a tough grader but he is a great teacher and is always willing to work with you",5.0,5.0,Micheal Graham,1
147,"Graham should never be able to teach a college class again. If you want your GPA to get bent over then take his class. If you want someone who just expects you to learn everything on your own then take Graham, everyone I talked to from my class was also failing all quarter long. Terrible lectures and he has 0 care about your effort for your GPA.",1.0,5.0,Micheal Graham,0
148,"He was so bad I had to drop his class. Grades quizzes and exams only, assigns homework, but wont grade it so it cant help offset a bad exam. He is nice, but his lectures are confusing to the point it looks like he has never taught. I talked to ex-peers and they all told me he is pretty bad and were at major risk for not passing.",1.0,5.0,Micheal Graham,0
149,"He is a good teacher and an entertaining lecturer, but he gives you a list of problems and does not assign graded home work. the only things that count towards your grade are tests and quizzes. You have to really put in the effort and take it upon yourself to practice the material.",4.0,4.0,Micheal Graham,1
150,He teaches in a way that is easy to understand and will answer any question you have. He always has exams and quizzes graded by the next class day. He has an exam about every two weeks but he lets you know every concept you need to for the exam the day before so you can prepare. He never has anything in the exam that he didn't focus on.,5.0,3.0,Micheal Graham,1
151,His class was thorough and very easy to follow he explained everything perfectly and answered all questions when asked. He does have random quizzes Which threw me off at first and he won't announce test so check the syllabus in advance also on the Note of quizzes he allows you to partner quiz almost the entire quarter.,4.0,3.0,Micheal Graham,1
152,"Compared to other math professors, Graham is pretty good. His lectures are pretty easy to follow, and he explains things better than most. He does not grade on a curve however, and will be pretty tough on grading. He does 4 exams, a final and 10 quizzes for credit. Quizzes can be done as a group. He also assigns homework, but it's optional.",4.0,4.0,Micheal Graham,1
153,"Graham is a really nice guy and you can tell he actually wants to be there. The class mainly consisted of quizzes, 4 big exams, and the Final. The quizzes, however, were more like in class assignments, because you can work together and even ask him for help. If you miss a quiz day, you receive a 0, but he dropped the 2 lowest quiz scores.",4.0,3.0,Micheal Graham,1
154,"Graham is Graham. He is a very good teacher and extremely thorough if you show up every day, which is awesome. He assigns homework, but you don't have to do it (I recommend you do) and he's a very rough grader on the test. He wants you to know the subject, but I also am not sure if he really cares if you don't.",4.0,5.0,Micheal Graham,1
155,"Dr. Graham is one of the best teachers I've had. He explains things in a clear fashion, often explaining in a "" how I would do it"" fashion. Never shoots down students ideas or questions, but explores them. Lots of pop quizzes, but you are able to opt out of them if you want. He does not assign homework either. I highly recommend that you take him.",5.0,3.0,Micheal Graham,1
156,His exams are really hard no matter how much you study you still fail. Dreaded going to his class. He is nice but hard.,1.0,5.0,Micheal Graham,0
157,He is a fast teacher and can be difficult to follow in class. He can make simple concepts more complicated than they seem. I had a tutor I met with three times a week and still got consistent Cs and Ds on tests. The quizzes are helpful but his class does not prepare you for his difficult exams.,2.0,4.0,Micheal Graham,0
158,"There are many negative comments about Professor Graham's class. However, after taking his class I disagree. He won't give you an easy A and makes you work for your grade but he has a really good handle on the material, explains clearly and thoroughly, and is more than willing to meet after class. I wish I could take him again for Calc 4.",4.0,4.0,Micheal Graham,1
159,"I agree with another student on this page: THIS CLASS IS NOT AN EASY A. It was nearly my first B of my MBA career due to how insanely hard he grades the discussions. Yes, discussions of all things! I've never struggled so hard to get an A on discussion work, as he admittedly RARELY gives full credit in this area. Strange approach to grading.",3.0,4.0,Darwin Davis,0
160,"At a first look at the syllabus, I thought this class was going to be a real kicker, but Dr. Davis has the course structured so that assignments flow smoothly and are manageable. Really accessible professor. Dr. Davis tries to use humor and real world application in lectures. Probably the most effective online class I've taken-- I actually learned.",5.0,3.0,Darwin Davis,1
161,"Although going to class isn't REQUIRED, I'd recommend it - lectures are useful and Professor Davis shows you how to do problems step-by-step. Don't make the assumption that doing the problems in class is enough - go home and practice. Professor Davis loves to make cheesy jokes in class, and usually the crowd is not receptive, so try to laugh a bit",4.0,3.0,Darwin Davis,1
162,"Professor Davis is one of the best professors I have had at the University of Delaware. He is straightfoward with his notes and his examples reflect practice problems. Group projects are challenging, but applicable. Prof. Davis has a patented dry sense of humor, but you end up laughing anyways.",5.0,3.0,Darwin Davis,1
163,"Beyond some very dry humor, Professor Davis is great in providing valuable feedback and keeping lectures very straightforward. Exams are based on practice problems, not looking to trick students. Group Projects are assigned throughout the semester. A paper as a final project giving you the freedom to pick your favorite topic.",5.0,3.0,Darwin Davis,1
164,"2nd time taking him and still one of my favorite professors. He's a hysterical guy so even though he has the most monotone voice ever he still keeps class interesting. Exams aren't too different from slides and in-class exercises, but his projects are the absolute worst. He also doesn't give back all your grades so I don't know why I got what I got",5.0,3.0,Darwin Davis,1
165,"Really math-focused course that can get a bit dry, but it's easy to understand it's applications as you go through. Exams usually have one really advanced problem that we didn't go over, but everything else is fine. Projects are always one big problem we didn't go over but it's still manageable. Also he's really funny despite what anyone else says.",5.0,3.0,Darwin Davis,1
166,"Darwin is a great guy. Dry sense of humor, can be pretty dull in lectures, but he's a great guy who really cares about his students and loves the material. But for some reason, his exams are significantly harder than any of the practice problems or the text book problems. He curves which is nice, Definitely possible to get an A, but its not easy.",4.0,3.0,Darwin Davis,1
167,"THIS CLASS IS NOT AN EASY A. He makes terrible jokes and the class is not interactive. He never explains a specific topic but gives out long random examples that are not really helpful or explanatory. Operations Mgmt is an interesting subject, said everyone but I hate it because of him. You'll need a textbook that he wrote and is available for $90 ",2.0,5.0,Darwin Davis,0
168,"Great teacher that tried his best to make the class interesting. A lot of group projects, straightforward lectures, and very reasonable exams with no surprises. Very curt and monotoned humor which had the class cracking up. Overall, an easy class with a decent amount of manageable work. Definitely take him. ",4.5,2.0,Darwin Davis,1
169,I really enjoyed Darwin and this class.  He has a dry sense of humor and always slips it into every lecture.  His exams really aren't that hard as long as you review all of the material the night before; they're definitely not set up to trick you.  I would definitely take Darwin again if I had the chance!,4.0,3.0,Darwin Davis,1
170,"Great professor. Keeps lectures entertaining with his dry sense of humor, and tests are very manageable. Highly recommend this class.",5.0,2.0,Darwin Davis,1
171,Really nice guy but the man is the most boring teacher I have ever had.  He is monotone with a constant stone face expression.  The man barely has a pulse!  Seems like he might not be a tougher grader however and that is a plus.,3.5,2.0,Darwin Davis,0
172,"Although I had absolutely no interest in operations going in, Darwin was a great teacher who made the various topics interesting. Probably one of the top MBA classes I've taken because it exposed me to something I had no knowledge of previously, and his very dry sense of humor made it even better. Definitely take this class with Darwin!",5.0,2.0,Darwin Davis,1
173,"Awesome teacher!! Cares a lot about his students.  Has the funniest, dry sense of humor.  Makes class fun and interesting. Exams are fairly easy, but group projects can be very time consuming.  I would definitely recommend him and the operations major!",5.0,2.0,Darwin Davis,1
174,"Loved Darwin. Great teacher. Very helpful. Three tests, four group projects, one paper/presentation. Easy and straight forward. Go to class and you will do well.",4.5,2.0,Darwin Davis,1
175,"He has a fun, sarcastic, corny sense of humor. He's a great teacher, and will answer any questions, even if he's already answered it a million times. His tests are easy if you just go over the slides, read the chapters, and practice a couple problems. Projects are ok if the people in your group aren't idiots.",4.5,2.0,Darwin Davis,1
176,Great teacher...does a good job explaining topics and trys making class interesting..go over slides before test and work on projects and should be an easy grade,5.0,1.0,Darwin Davis,1
177,"Pretty good teacher, helps you out when needed. 3 projects arent to painful and the tests arent all too bad either. Subject is pretty boring but he does crack very dry jokes so its makes the class a little better. I would take him again",4.0,3.0,Darwin Davis,1
178,"Professor Davis is an excellent teacher and does a good job of making dry material somewhat interesting through hands-on examples.  He also has a (dry) sense of humor, which keeps class entertaining.  Highly recommended.",5.0,2.0,Darwin Davis,1
179,She really teaches you to design and pushed your natural creativity. It is a shame many students try and take advantage of her supportive and kind nature. She doesn't let them get away with it thought! A gem to MU.,5.0,2.0,Jeri Robinson-Lawrence,1
180,"Jeri's a sweetheart, easily my favorite prof in the design department. She's very helpful with assignments and is pretty flexible and will adjust the class schedule as needed if multiple people are behind schedule. A really fun, positive learning experience... can't wait to have more classes with her.",5.0,2.0,Jeri Robinson-Lawrence,1
181,Jeri is an extremely fair grader and you dont need to be an artist in order to pass her class. She understands that everyone has different skill levels and as long as you try your hardest she will give you an A. Shes also extremely organized and accessible outside of class!,5.0,2.0,Jeri Robinson-Lawrence,1
182,"Jeri is awesome, I love her! She is so fast with grading, gives excellent feedback to your ideas before you start your project. She really cares about her students and is very interested in her student's lives. I highly recommend taking her classes, she does not disappoint!!!",5.0,2.0,Jeri Robinson-Lawrence,1
183,"Jeri is amazing! She made me feel at home as a transfer student and helped me find a direction I wanted to take my art! I wish I had more classes with her, because she is one of the only one in the art department who will actually sit down with you and help you through things. Super fun lady as well! She has a sheep farm and a puppy she loves.",5.0,1.0,Jeri Robinson-Lawrence,1
184,Very nice as a non major it was a relief to not feel like the art I was putting out had to be as good as the rest of the class because she understood it isn't the same,5.0,2.0,Jeri Robinson-Lawrence,1
185,"Love love love this class, makes me think about who I want to be as an artist and Jeri is just so great at helping you achieve that goal! Can't wait to have her for future classes. Love her! ",4.5,3.0,Jeri Robinson-Lawrence,1
186,Jeri is an absolutely amazing teacher. I'm looking forward to  taking another class with her in the future. She grades all work very fairly and is willing to help you with just about anything. You have a lot of freedom when doing all of the projects! This was my favorite class of the semester!,5.0,1.0,Jeri Robinson-Lawrence,1
187,"Jeri is amazing. This is her first year back teaching after being head of he department, and I am SO glad I got her!! Class is easy, she knows how to grade art (very fairly) and projects are pretty wide open. Oh, and she loves (LOVES) her sheep :-) I would most definitely take her again!!!",5.0,2.0,Jeri Robinson-Lawrence,1
188,"A great professor and a great department head. She can be hard to get hold of out of class, but she does try. Will sometimes miss classes, but since this is usually due to family matters it's understandable. Only problem I had with her classes is that the book was more or less unused beyond its glossary.",5.0,2.0,Jeri Robinson-Lawrence,1
189,"I agree with the last comment - No one bash Jeri! She is the best prof at MU in my opinion. She grades fairly and is very positive, kind, helpful and smart.  She really knows what she's talking about and explains it very well.  I wish more teachers were like her!",5.0,2.0,Jeri Robinson-Lawrence,1
190,"For having a class that was way too full, she was really good at being involved.  She always made you feel really good about your art no matter how bad you thought it was.  She had very good tips, if you were open to them. She will spend as long as you need showing you a certain drawing technique to help you out",5.0,1.0,Jeri Robinson-Lawrence,1
191,"okay whoever said jeri is bad is an idiot. shes not the head of the art department for nothing people. shes compassionate, caring and ALWAYS makes time for people. she helped me get my art program up and running. im so happy MU has her, and shes the head of the department. great professor, great person.",5.0,1.0,Jeri Robinson-Lawrence,1
192,"never on time, frequently misses classes, not helpful, very angry person, at times she is irrational",1.0,1.0,Jeri Robinson-Lawrence,0
193,No Comments,1.0,1.0,Jeri Robinson-Lawrence,0
194,Best Prof Millersville has!  So willing to help with constructive criticism.,5.0,3.0,Jeri Robinson-Lawrence,1
195,"Not only a great art teacher, but a great art department chairperson. I hope she'll be around MU for a long time, because she can help a LOT of students.",5.0,3.0,Jeri Robinson-Lawrence,1
196,No Comments,3.0,3.0,Jeri Robinson-Lawrence,0
197,GREAT LADY,5.0,1.0,Jeri Robinson-Lawrence,1
198,"O.k. classes, has her own favorites though.",3.5,2.0,Jeri Robinson-Lawrence,1
199,"5 questions quizzes every class bout assigned reading, sounds easy right? Wrong. Questions always consist of the most trivial parts of reading! Tests are multiple choice, but don't let that fool you! They are still extremely difficult! The course material is challenging to say the least and his ;lectures do not clarify anything! Also talks too fast",2.0,4.0,Edward Crawley,0
200,Dr. Crawley is a great guy and professor but at times goes off topic during lectures which makes them hard to follow. You are expected to read the assigned pages from the textbook prior to class and will have a quiz on the readings every class. This does help retain the material and assure that you are keeping up to pace. Don't miss class!,4.0,3.0,Edward Crawley,1
201,"Quiz every class makes you focus on the reading; outlines of quarter-term and final exams help in studying. Lots of PPTs, complimentary to text. Not an easy subject but he works to help you pass, and occasional ""freebie"" quizzes don't hurt (don't skip class, esp. Fridays). Grade updates every exam. Extra credit available. One of the good guys.",5.0,4.0,Edward Crawley,1
202,"Works with you on extra credit and unclear answers on quizzes. Will acquiesce if it's not a clear understanding of the material. Lots of powerpoint, youtube. Easily amused. Very understanding if you get behind. Gives extra points and free answers on exams. Often forgets where his classroom is , always answers emails.",5.0,4.0,Edward Crawley,1
203,Talks really fast but really nice and helpful. Somewhat difficult.,3.0,4.0,Edward Crawley,1
204,Quizzes every class. 50 multiple choice question tests,4.0,4.0,Edward Crawley,0
205,"Dr. Crawley LOVES his job and it shows in the classroom. I have had him several times and would take him again. He is funny, relatable, light hearted and very knowledgeable. He is easily accessible outside of class and will help you with anything. He is one of the heads of the psych department and therefore offers a lot of help and advice.",5.0,4.0,Edward Crawley,1
206,"Dr. Crawley is one of the first professors I've had here at Marywood. He is kind, understanding and you can tell he really loves his job. He is the head of my department and whenever I have questions or concerns he answers very quickly. His class is tough but he helps you through. I'm disappointed I won't have him again before graduation.",4.0,4.0,Edward Crawley,1
207,"I loved Crawley both times I had him, for physiological psych and for psychological apps of stats. Tests are tough and there was a quiz every class for physio, but that was only to help us stay on track and ensure we were reading our books. You can tell he knows what he's doing and he loves it. He's always gone out of his way to help when needed!",4.5,3.0,Edward Crawley,1
208,I had Crawley for S&P.  The class is difficult due to the amount of reading and content but the concepts are interesting. I think Crawley made the class entertaining and he is funny which helped.  Quizzes and tests could be hard if you were not reading/studying the material.  I would recommend to get into study groups.,3.5,4.0,Edward Crawley,1
209,Tests are really hard and there are quizzes every class,3.0,5.0,Edward Crawley,0
210,"He is the best! You can really tell he loves what he does, which is awesome! His lectures are clear and interesting. You have to read, but its helpful because he breaks the chapters up into about 10 pages per class. I highly recommend taking him he is an amazing professor!",5.0,3.0,Edward Crawley,1
211,"You had better read if you want to pass his tests. Or his class in general... But in all, he's a great professor and I do enjoy his class. ",3.5,4.0,Edward Crawley,1
212,"I love this man. Helpful and incredibly sweet. Once you take his intelligence as adorably awkward instead of superficial, you'll appreciate his teaching more. You actually learn how to use the book you spent tons of money on and use those skills for other classes. And his sense of humor is priceless!",3.5,4.0,Edward Crawley,1
213,"I love this man. So helpful and incredibly sweet. Once you take his intelligence as adorably awkward instead of superficial, you'll appreciate his teaching so much more. You actually learn how to use the book you spent so much money on and use those skills for other classes. And his sense of humor is priceless!",3.5,4.0,Edward Crawley,1
214,You are a really nice teacher and person in general. And you're hot. keep doin what you're doin,3.0,3.0,Edward Crawley,1
215,So funny!!!  I do not think he means to be funny but OMG how he is amusing!  If you want to stay awake in class then take this professor ... he is hysterical!!!,5.0,3.0,Edward Crawley,1
216,"Somewhat scattered, but he always made an attempt to listen and his door always seemed open to stop by; after awhile you stop worrying about your grade and daydream about how cute he is",2.5,3.0,Edward Crawley,1
217,"I loved him and the class. The subject is hard/a lot of information, but he made it enjoyable and palatable.  I learned a Lot. He is a bit disorganized, but his mistakes and forgetfulness is never taken out on the class. This was also the only class I never fell asleep in. He is funny and quite cute too! ;)",4.5,3.0,Edward Crawley,1
218,Hard class but Crawley makes things very interesting!,4.0,3.0,Edward Crawley,1
219,"Clawson is really caring and interested in his students so it's an easy class to pass, although there is A LOT of reading which is important to quizzes (a pretty big part of your grade) and the final exam. There's a big paper but its very doable and Dan is very easy to work with. Lectures get a bit tedious but can be though provoking",4.0,3.0,Dan Clawson,1
220,This class was definitely not what I thought it would be. Heavily reading based. If you read the articles you'll be fine and he gives you opportunities to miss some of the reaction papers he assigns. The book essay is a big part of your grade: START IT EARLY! Overall he's an okay teacher but kind of boring and the class is not based on medications.,3.0,3.0,Dan Clawson,0
221,This class sucks. don't take it. you will regret it.,1.0,4.0,Dan Clawson,0
222,Dan is best. I really recommend this class if you are interested in the health field or just want an awesome class.,4.5,3.0,Dan Clawson,1
223,"Wonderful professor, inspired great interest in the subject. One of the best professors I've had.",5.0,2.0,Dan Clawson,1
224,"Class was ok. Had an option to complete a certain # out of total assignments. Was always pushing deadlines back. He did tell me it was ok to take on a topic that has yet to be researched, went thru ideas for the paper, told me i needed to find research on it on graded last edit? that was a bit annoying. Nice guy. not very interesting. dont avoid",4.5,2.0,Dan Clawson,1
225,"Well I did learn a lot and enjoyed most of the readings. We had three papers and an optional final. All of class is just one big lecture with a small group of students that always participate. One time he was heading towards a biological determinism argument (crazy I know), and I think that was the highlight of my experience as a sociology major ha",4.5,3.0,Dan Clawson,1
226,"He has his agenda like so many others here. And though he appears to be erudite, he cannot help but be married to his radical politics. Well this is UMass at Amherst. I cannot wait to get into classes about reality.",2.5,1.0,Dan Clawson,0
227,"Dan is an awesome professor, so intelligent.  I was both a student in his class and a TA for him as well.  He's very reasonable.  Although there is heavy reading in the course, they are for the most part very interesting. Make friends with your TA!!...Dan gives total power to his TA's in deciding grades, extensions, etc.",5.0,4.0,Dan Clawson,1
228,"Interesting subject but very scattered and biased method of teaching. Barely took any notes. Weekly 1pg response papers due, 4 unit papers (only have to do 3), optional final, 6 pop quizzes drops the lowest. If you muddle through the not always pleasant reading material and incorporate the ""4 key concepts"" in your writing then you should be fine.",3.0,4.0,Dan Clawson,0
229,"horrible class. DONT take it.  dan doesn't talk about anything real during class, just rambles on about his opinion on stuff and then will give you random facts to write down so you can write the essays well. paper due every week, do all of them. and id write all the essays so that you can get a good grade. go to class because of random quizzes.",2.0,5.0,Dan Clawson,0
230,"This is one class I actually don't mind going to. Most of the books you have to read are decent and the class is actually interesting. The papers are a pain but doable. You pretty much have to go to class bc there are 6 in class pop quizzes, but they're really easy if you do the reading.",3.5,2.0,Dan Clawson,1
231,"very smart prof & interesting lectures that basically talk about the reading assigned the night before to help you understand exactly how it relates to class. weekly 1pg writing not very hard, papers suck but not impossible. no text book just had small books to read for each unit.. great class over all highly recommended :)",4.5,4.0,Dan Clawson,1
232,One of the most intelligent teachers I've ever had,5.0,3.0,Dan Clawson,1
233,"Amazing guy & Professor! Course material super interesting, highly recommend this course & anything he teaches. Weekly writing statements (pretty easy),midterm essay questions (ques. told in advance),2 papers, final take-home exam -> Overall probably the best course I've taken at Umass and in Soc dept course reccom to soc majors,premeds, & anyone!!",5.0,3.0,Dan Clawson,1
234,"REALLY nice guy, the course material is sort of hard to grapple with, but if you make an effort and show up to class, he's very helpful and understanding. Decent course but really great professor.",3.0,3.0,Dan Clawson,1
235,"Lectures can be boring and the papers are a drag, but the final is optional. Easy to get an A or B",4.0,2.0,Dan Clawson,1
236,good teacher.,4.0,3.0,Dan Clawson,1
237,"Loved this class! The four 5 page papers were a drag, but I only wrote 2 and took the final and got three high As. Very opinionated, but if you agree with him it is fabulous! He has a lot of great insight and stories to tell. Take a class with him before you leave UMass!",5.0,3.0,Dan Clawson,1
238,"my suggestion would be to avoid taking this class at all costs. clawson drags lectures on and on, and is a kind of a jerk. there are 6 pop quizzes so while going to class is worse than watching your grandma clip her toenails, it's kind of necessary since you don't know when there will be a quiz. the only upside is not having to take the final.",1.5,3.0,Dan Clawson,0
239,"He doesn't provide feedback on the quizzes/test, so if you get something wrong, which you most likely will with how strict of a grader he is, it feels extremely bad. All he does for lectures are homework problems and he offers no real guidance for students. If you want an A, it'll be really difficult depending on your own math skills.",1.0,4.0,James Schubert,0
240,"One of the worst professors at PCC. Teaching style is terrible and his notes dont correlate to the homework, quizzes, or tests. From using the equations he has taught us I have figured out that he is a poo poo teacher and that is the only equation I was able to figure out while taking his class. Dont take this class/professor if you want a future",1.0,4.0,James Schubert,0
241,"Nice guy, but GOD does he grade hard. If it was in person I would collapse from the work load. It's worth it because I learned the material. Like learned learned. Online is super flexible, doesn't mandate attendance. If you do the homework on pace, use it for the weekly quizzes, & use the textbook, you'll get an A. He drops 3 lowest.",4.0,4.0,James Schubert,1
242,TAKE HIM ONLY IF ur taking this class online. I took him couple years ago and failed the class then retook him online this summer and got an A! He posts all lectures on canvas and they help a ton during quizzes and exams- which he gives 24 hrs for. Very tough grader so just triple check ur work before submitting it. A lot of HW but its 10% EC!,4.0,2.0,James Schubert,1
243,"Schubert teaches slow enough for everyone to understand and is easily approachable to ask questions. He doesn't use Canvas and at times, he would go on a tangent and talk about his personal life stories; nonetheless, I recommend to take him for Math3!",4.0,3.0,James Schubert,1
244,He assigns a lot of homework and the 5 tests plus the final are the most important to your grade. He drops the worst test score and doubles the points of the final to help you boost your grade up. He has a different style of grading so be sure to ask questions early on.,3.0,4.0,James Schubert,1
245,"I took this class for my major for fall semester. Hes really funny in the beginning like what all Professors will do. When he lecture, someone ask questions, he would somehow answer it but the student still dont get it. I would rate more but the characters are limited. My advice is that if youre majoring math and want good grade then avoid him.",1.0,5.0,James Schubert,0
246,"Got to be the worst professor at PCC. His lectures are so boring, I would actually find it more entertaining to watch paint dry on the wall. And his tests are ridiculous. I feel bad whoever is taking him next semester, they don't know what their signing up for - AVOID this guy.",1.0,5.0,James Schubert,0
247,Schubert's Math 5A class was difficult. He expects you to know everything that he's teaching already. He works on problems on the board and basically solves it & talks to himself and asks the class if what he was doing was right and that's basically the whole lecture. He doesn't teach you how to solve the problem or say why he's solving it that way,1.0,4.0,James Schubert,0
248,"This professor is a very hard grader, points are taken off tests because of not writing parenthesis, or an equal sign. He is very disrespectful, the very first day of school he told us he was only trying to help and that we could look at him as our favorite grandpa, three weeks later he refused to answer questions. PLEASE DON'T TAKE HIM!!",1.0,5.0,James Schubert,0
249,He refuses to use Canvas or email so contacting him outside of class is a hassle. He rarely takes time to explain the lessons so he almost expects you to know what he's doing. It's honestly easier to learn from the textbook than from his lectures. His tests seem simple but his grading makes it difficult. Just horrible and difficult.,1.0,4.0,James Schubert,0
250,"His grading is terrible, most of the people in my class are complaining already. Honestly feels like he lacks the compassion because he marks everything off even if your answers are right. I wouldn't recommend taking him.",1.0,5.0,James Schubert,0
251,"Worst teacher Ive ever take in my life. Strict on grading, no matter how hard you try he will always find some problem to lower your grade. WORST TEACHER EVER",1.0,4.0,James Schubert,0
252,"Honestly, one of the worst experiences Ive had with a professor in general. As a person, hes a good guy but when it comes to teaching the class and grading not so much. Very specific on his grading and will deduct points for missing a lim or parenthesis or something minor. No study guides. Gives hardest version of questions on test.",1.0,4.0,James Schubert,0
253,He is an old man. He makes lectures boring and gives only a limited amount of extra credit to a few students. He gives too much homework problems to do. He makes mistakes that involves math and sitting on his own glasses (Best Moment of his Class). He is disrespectful. He takes points off small details. He makes people feel bad. He shouldn't teach,1.0,5.0,James Schubert, 0
254,Tbh his teaching is not that good. He can't explain concepts well and it is confusing even to me as a student who have taken calculus before. But he is very organized in his class and test schedules. He give extra credits. Has a lot of hw to do. Tests are not too difficult. Wouldn't recommend taking him if you don't already know the materials.,2.0,3.0,James Schubert,0
255,"This has been my worst teacher in my time at PCC. Schubert does not teach well at all. He does all the problems and lectures with his back to the class and by the time he turns around, he's completed the whole problem and blocked it. Anytime someone asks for help he either says, you should of learned it in the last math or go to tutoring. TERRIBLE!",1.0,5.0,James Schubert,0
256,"Took his class for 131 & barely passed. Idk why I decided to take him for college Algebra ,its useless because he teaches you his way and expects you to know all the formulas already. He makes fun of the students and rants in class instead of doing lectures. He gives very few test thats why I took his class but he doesnt curve grades. Hes awful!",1.0,4.0,James Schubert,0
257,Never got the final back. Infuriating class from start to finish. Takes off points for silly reasons.,1.0,5.0,James Schubert,0
258,"Professor Schubert is awesome! If you pay attention in class and do his assignments, you'll get an A.",5.0,3.0,James Schubert,1
259,"Cest sans aucun doute le meilleur prof que jai eu. Il est direct, il na pas la langue de bois et il utilise des figures de style lorsquil parle. Il y a beaucoup de vrits dans ce quil dit. Il ma donn de trs bon conseils pour ma vie. Cest un vrai de vrai et un gars avec un grand cur. Derrire sa stature un tre sympathique.",5.0,2.0,Claude Decoste,1
260,Plus gros pervers de l'UQAM. Cest une manipulateur pervers jai etait ecoeurer de ce prof qui vient de la campagne. Faut vraiment que LUQAM refasse ses criteres de selection.,2.0,2.0,Claude Decoste,0
261,"le pire prof que j'ai jamais connu, a eviter a tout prix",1.0,5.0,Claude Decoste,0
262,le meilleur prof que jai eu dans mes deux annes a date. mm si il est un peu demandant,5.0,2.0,Claude Decoste,1
263,"Prof vraiment super ! Je l'ai prsentement et wow ! Il ne fait dfinitivement pas l'unanimit, mais vierge facilement offensable, s'abstenir ! Un excellent motivateur, trs exigent, mais galement trs reconiassant. Selon lui, il s'agit de sa dernire session, trs dcevant, car il tait un trs bon communicateur. 10/10 mon Decoste",5.0,3.0,Claude Decoste,1
264,"this teacher is so special, but so good at the same time!!! i really love that teacher",5.0,2.0,Claude Decoste,1
265,No Comments,4.5,2.0,Claude Decoste,1
266,No Comments,1.0,5.0,Claude Decoste,0
267,No Comments,5.0,3.0,Claude Decoste,1
268,"Un prof exceptionnel, trs exigent, mais si l'on comprend sa manire de voir les choses, et qu'on lui fournit ce qu'il demande, vous allez beaucoup apprendre avec lui. Encore faut-il faire l'effort d'aller dans son sens et de ne pas se braquer contre lui. Ce cours est  prendre absolument avec lui.",4.0,5.0,Claude Decoste,1
269,"CHIEUX  !!! pas de classe, commentaires ****es. pdophile, emmerdeur, ne connait rien a sa matiere et veut faire croire qu'il est connaisseur !",1.0,2.0,Claude Decoste,0
270,"ce prof la est malade je vous le conseille vraiment, tres exigeant avec ses eleves mais c'est pour votre bien passe sa vie  aider les etudiants par courriel si vous avez besoin! il est marier haha:P",4.5,2.0,Claude Decoste,1
271,Je dteste son cours et le prof est assez spcial merci... Cependant il nous donne beaucoup d'informations utiles.,3.0,5.0,Claude Decoste,1
272,No Comments,3.0,4.0,Claude Decoste,1
273,"rien appris dans ce cours, trop de travaux en quipe, jai trouv Decoste pas pire comme prof...",3.0,3.0,Claude Decoste,0
274,Je ne sais pas pourquoi ce prof enseingne encore. il est vraiment sans comptance aucune... oh qu'il est mdiocre ce type ....,1.0,5.0,Claude Decoste,0
275,Je l'ai dtest... il se prend pour un dieu! Moi je trouve que c'est un trou de cul... Il n'est pas professionnel pour deux cents.... Je ne comprends pas pourquoi on le laisse enseigner...,3.0,3.0,Claude Decoste,0
276,bad teacher,1.0,1.0,Claude Decoste,0
277,"T'aime ou t'aime pas...moi j'ai ador!!! C'est probablement le meilleur prof que j'ai eu. Il forge le caractre et nous montre c'est quoi travailler fort. Il sort de l'ordinaire mais il faut que tu apprenne  aimer son humour et que tu ne prenne pas tout au srieux ce qui dit. Il fait peur au dbut, mais aprs, tu finis par l'aimer!!!He's the best!",4.5,3.0,Claude Decoste,1
278,No Comments,1.0,5.0,Claude Decoste,0
279,He is very accommodating to the circumstances of COVID. The online format was very well done. He asks some tricky questions on the exams (you have to actually learn the material). He also gives an extra credit opportunity.,4.0,2.0,Mike Konen,1
280,"Very knowledgable on subjects and conveys them well. I only had him for a strictly-online course due to everything being shut down, but lectures are VERY full of information that sometimes needed to be viewed twice to fully get all the information needed. Seems funny, probably funnier in person. Homework is straightforward with only one chance.",5.0,4.0,Mike Konen,1
281,"Provided online lectures during the pandemic, but they were extremely long and forced you to remember a lot. Only get one attempt for homework. Gives you a study guide, but pulls the ""not everything will be on the test"" card. Unrealistic student expectations and difficulty, especially for a low 300 level class.",2.0,4.0,Mike Konen,0
282,His response to the events of the pandemic was unfortunate and unprofessional. I was embarrassed for him. Seemed to lack any self-awareness. He provided no course schedule and his materials were unorganized. He was very vague in his communication and defensive when it was brought to his attention that a student was having difficulty with the course,1.0,3.0,Mike Konen,0
283,"This dude is an embarressment to higher education. Does not answer emails, everything is last kinute. Completely useless to grad students. Just go do something else, what a joke.",1.0,2.0,Mike Konen,0
284,"Dr. Konen is a really nice professor that makes the lectures easy to listen to and the environment easy to be in. Attendance is non-mandatory but if you want to pass the tests, which I found to be very difficult, you need to attend the lectures and take notes. He rarely assigned homework but it was easy and I found his study guides useful.",4.0,3.0,Mike Konen,1
285,"Attendance is important, tests are based on lectures and notes. Book was not required. Very little homework which means you have to do well on the tests to get a overall good grade. He is funny but his lectures can get boring if your not a soil enthusiast. I find the tests hard and the study guides are not very helpful.",4.0,4.0,Mike Konen,1
286,Attendance isn't graded but encouraged. His slides are online but he includes info on tests within each lecture. Never actually used the book. My only complaint is that he doesn't usually let you see what you got wrong on the online HW before you take any tests or exams. Kind person and will work with you!,4.0,3.0,Mike Konen,1
287,"Awesome professor. He will most definitely work with you if you have any issues or questions. He also responds to emails rather quickly, which is nice. As long as you put in effort, a good grade is not difficult to achieve in this class.",4.0,3.0,Mike Konen,1
288,I really enjoyed this professor. His lectures were lengthy and can get boring if youre not super into soil science but he is hilarious and keeps things interesting. His tests are not easy and a lot of questions are from lecture. Attendance was not mandatory but not sure how you could pass without attending most classes.,4.0,4.0,Mike Konen,1
289,"Lots of people like him because he is funny, but frankly I think he is just a lazy drunk, didn't grade any hw till the very end, never saw the correct answers so know I got things wrong, no way to know why or how to fix.",2.0,4.0,Mike Konen,0
290,Dr. Konen is amusing and does not give out much homework. Always tries to keep class interesting with jokes. The powerpoint slides can get boring if the earth and science isnt your thing. Overall would take again.,5.0,3.0,Mike Konen,1
291,Dr. Konen is a real inspiration to environmental science nerds like me. He teaches you so much information simply through his power points. All of the notes you need are online (blackboard or whatever system NIU uses in the future) and so are the study guides. PLEASE do the study guides- they are exactly what the exams are about. Minimal homework.,5.0,2.0,Mike Konen,1
292,Hard considering its supposed to be an intro course.,3.0,3.0,Mike Konen,0
293,"Great Class, touches on a lot of material but nothing in depth, will certainly take him again.",5.0,1.0,Mike Konen,1
294,"Lectures are boring, VERY boring. He's funny. You don't have HW other than online quizzes, which don't matter that much because the tests run the grades basically. This was the only class I could not get an A in no matter how much I studied or tried. There's no curriculum, no method or comprehension. If you can memorize a lot of stuff you're good.",2.0,5.0,Mike Konen,0
295,"You do have to work for a good grade, but Mike is generally an especially relatable professor to students. If you are looking to knock out some science credit, a class with Prof. Konen may be a worthwhile option for you.",4.0,3.0,Mike Konen,1
296,"Great teacher, very detailed lectures. If you skip class you won't pass because attendance is taken for a grade. Lectures are long and boring, but if you study your notes after every lecture you'll be fine. Also, print out the notes he provides online & bring them to class so you don't have to write the entire lecture.",3.5,4.0,Mike Konen,0
297,"Mike has very long lectures, it seems like they drag on forever, but if you pay attention you will be okay! There isn't homework except for blackboard quizzes about once a week maybe twice. Make sure you study for the exams, look over powerpoints, he puts all the notes on blackboard!",4.5,3.0,Mike Konen,1
298,"Konen is awesome. I thought taking a class on soil would be not my fit, but I loved it. He is a good guy and he truly is there for you. I wish I could have gone to his office hours more. Great guy great teacher fun class. ",5.0,3.0,Mike Konen,1
299,There is a lot of reading to do however the topics are generally pretty interesting. His lectures are very long though (3 hours) and so they are pretty hard to sit through because he goes on a lot of tangents and makes simple points very convoluted. You're better off just reading and not listening to lectures.,3.0,3.0,Glenn Smith,0
300,"Midterm is 45% and final is 55% of your grade, so pay attention. Textbook super helpful, lectures even more so. If you're thinking about law school his classes will let you know if you want/can/should go to law school.",5.0,5.0,Glenn Smith,1
